feature,importance,coef_High,coef_Low,coef_Medium,method
Attendance,4.525045554986568,-6.787568332479857,6.171864580016445,0.6157037524634025,mean_abs_coef (hệ số trên dữ liệu đã chuẩn hóa)
Hours_Studied,3.448596156982082,-5.172894235473124,4.68020498518949,0.4926892502836333,mean_abs_coef (hệ số trên dữ liệu đã chuẩn hóa)
Access_to_Resources,1.404062975465574,-2.1060944631983625,1.9125097360701027,0.1935847271282575,mean_abs_coef (hệ số trên dữ liệu đã chuẩn hóa)
Parental_Involvement,1.3933292633589058,-2.089993895038359,1.8772330035315765,0.21276089150678176,mean_abs_coef (hệ số trên dữ liệu đã chuẩn hóa)
Previous_Scores,1.3340903586367645,-2.001135537955148,1.8261543363152017,0.1749812016399437,mean_abs_coef (hệ số trên dữ liệu đã chuẩn hóa)
Tutoring_Sessions,1.1925093995783784,-1.7887640993675644,1.5952863483127537,0.1934777510548177,mean_abs_coef (hệ số trên dữ liệu đã chuẩn hóa)
Peer_Influence_Positive,0.9580058793238253,-1.4370088189857386,1.3291079584564975,0.10790086052923982,mean_abs_coef (hệ số trên dữ liệu đã chuẩn hóa)
Motivation_Level,0.751049369113248,-1.1265740536698718,0.9784067031559355,0.1481673505139368,mean_abs_coef (hệ số trên dữ liệu đã chuẩn hóa)
Family_Income,0.7182929991485371,-1.0774394987228062,0.9530412052608215,0.12439829346198354,mean_abs_coef (hệ số trên dữ liệu đã chuẩn hóa)
Distance_from_Home,0.6621352769898844,0.9932029154848271,-0.9178329603813028,-0.07536995510352344,mean_abs_coef (hệ số trên dữ liệu đã chuẩn hóa)
Teacher_Quality,0.593676141368347,-0.8905142120525226,0.8413588355543421,0.04915537649817618,mean_abs_coef (hệ số trên dữ liệu đã chuẩn hóa)
Learning_Disabilities,0.5410421692796393,0.8115632539194589,-0.7207631800007807,-0.09080007391867846,mean_abs_coef (hệ số trên dữ liệu đã chuẩn hóa)
Extracurricular_Activities,0.506326274670713,-0.7594894120060705,0.6715827992292799,0.08790661277678871,mean_abs_coef (hệ số trên dữ liệu đã chuẩn hóa)
Internet_Access,0.478513954774697,-0.7177709321620445,0.6420239064293198,0.07574702573272664,mean_abs_coef (hệ số trên dữ liệu đã chuẩn hóa)
Physical_Activity,0.46224092936008954,-0.6933613940401337,0.5746048304942059,0.11875656354592917,mean_abs_coef (hệ số trên dữ liệu đã chuẩn hóa)
Parental_Education_Level_High School,0.4598200019444771,0.6897300029167162,-0.6645891390434335,-0.02514086387328145,mean_abs_coef (hệ số trên dữ liệu đã chuẩn hóa)
Peer_Influence_Neutral,0.4400284627950275,-0.6600426941925402,0.6062347799889971,0.053807914203545144,mean_abs_coef (hệ số trên dữ liệu đã chuẩn hóa)
Parental_Education_Level_Postgraduate,0.425973541192929,-0.6389603117893973,0.5544941944874601,0.08446611730192968,mean_abs_coef (hệ số trên dữ liệu đã chuẩn hóa)
Sleep_Hours,0.061284545997306976,-0.09192681899596175,0.0602931579150648,0.03163366108089435,mean_abs_coef (hệ số trên dữ liệu đã chuẩn hóa)
Gender,0.05580259010017996,0.08370388515026987,-0.07905786775155693,-0.004646017398713053,mean_abs_coef (hệ số trên dữ liệu đã chuẩn hóa)
School_Type,0.024384138123568367,0.012849226936792581,-0.03657620718535312,0.023726980248559404,mean_abs_coef (hệ số trên dữ liệu đã chuẩn hóa)
